{"1": {"1": {"H2": 0.00020503997802734375, "SMT": 0.022953033447265625}, "2": {"H2": 0.0001900196075439453, "SMT": 0.0243070125579834}, "3": {"H2": 0.00021195411682128906, "SMT": 0.02440500259399414}, "4": {"H2": 0.0002110004425048828, "SMT": 0.025032997131347656}, "5": {"H2": 0.00022792816162109375, "SMT": 0.016389846801757812}, "6": {"H2": 0.0001761913299560547, "SMT": 0.015923023223876953}, "7": {"H2": 0.00019598007202148438, "SMT": 0.026813030242919922}, "8": {"H2": 0.0001850128173828125, "SMT": 0.02262091636657715}, "9": {"H2": 0.00020003318786621094, "SMT": 0.02120494842529297}, "10": {"H2": 0.00019693374633789062, "SMT": 0.019184112548828125}}, "2": {"1": {"H2": 0.00028395652770996094, "SMT": 0.027447938919067383}, "2": {"H2": 0.00028705596923828125, "SMT": 0.02782893180847168}, "3": {"H2": 0.0002589225769042969, "SMT": 0.02541518211364746}, "4": {"H2": 0.00028204917907714844, "SMT": 0.4256768226623535}, "5": {"H2": 0.0002758502960205078, "SMT": 0.023775100708007812}, "6": {"H2": 0.0002980232238769531, "SMT": 0.45915794372558594}, "7": {"H2": 0.0003170967102050781, "SMT": 0.41270899772644043}, "8": {"H2": 0.0002911090850830078, "SMT": 0.3771028518676758}, "9": {"H2": 0.0002989768981933594, "SMT": 0.4325370788574219}, "10": {"H2": 0.00030303001403808594, "SMT": 0.37427806854248047}}, "3": {"1": {"H2": 0.0003790855407714844, "SMT": 0.4523768424987793}, "2": {"H2": 0.00035309791564941406, "SMT": 0.518578052520752}, "3": {"H2": 0.00035381317138671875, "SMT": 0.023476839065551758}, "4": {"H2": 0.0003731250762939453, "SMT": 0.5042920112609863}, "5": {"H2": 0.00036787986755371094, "SMT": 0.47530698776245117}, "6": {"H2": 0.000331878662109375, "SMT": 0.49741697311401367}, "7": {"H2": 0.0003769397735595703, "SMT": 0.025671958923339844}, "8": {"H2": 0.0003609657287597656, "SMT": 0.3805968761444092}, "9": {"H2": 0.0003590583801269531, "SMT": 0.4692850112915039}, "10": {"H2": 0.00035500526428222656, "SMT": 0.4660770893096924}}, "4": {"1": {"H2": 0.00042891502380371094, "SMT": 0.5846829414367676}, "2": {"H2": 0.00041604042053222656, "SMT": 0.48908185958862305}, "3": {"H2": 0.0004439353942871094, "SMT": 0.4161548614501953}, "4": {"H2": 0.00044798851013183594, "SMT": 0.47862792015075684}, "5": {"H2": 0.00044918060302734375, "SMT": 0.5134680271148682}, "6": {"H2": 0.0004038810729980469, "SMT": 0.34334802627563477}, "7": {"H2": 0.0004029273986816406, "SMT": 0.5135941505432129}, "8": {"H2": 0.0004031658172607422, "SMT": 0.4086601734161377}, "9": {"H2": 0.00040912628173828125, "SMT": 0.4908890724182129}, "10": {"H2": 0.00041794776916503906, "SMT": 0.49166202545166016}}, "5": {"1": {"H2": 0.0005199909210205078, "SMT": 0.6596169471740723}, "2": {"H2": 0.0005168914794921875, "SMT": 0.5242359638214111}, "3": {"H2": 0.0005099773406982422, "SMT": 0.5077970027923584}, "4": {"H2": 0.0005168914794921875, "SMT": 0.5961649417877197}, "5": {"H2": 0.0005180835723876953, "SMT": 0.7725048065185547}, "6": {"H2": 0.0005359649658203125, "SMT": 0.6720280647277832}, "7": {"H2": 0.0005078315734863281, "SMT": 0.5677239894866943}, "8": {"H2": 0.00046706199645996094, "SMT": 0.6214210987091064}, "9": {"H2": 0.0005030632019042969, "SMT": 0.6022539138793945}, "10": {"H2": 0.0004930496215820312, "SMT": 0.6914281845092773}}, "6": {"1": {"H2": 0.00035500526428222656, "SMT": 2.0942819118499756}, "2": {"H2": 0.0005991458892822266, "SMT": 1.070214033126831}, "3": {"H2": 0.0005209445953369141, "SMT": 0.6312758922576904}, "4": {"H2": 0.0006949901580810547, "SMT": 0.6875100135803223}, "5": {"H2": 0.0009090900421142578, "SMT": 0.9462559223175049}, "6": {"H2": 0.0006229877471923828, "SMT": 0.8600349426269531}, "7": {"H2": 0.00035691261291503906, "SMT": 0.7920150756835938}, "8": {"H2": 0.0005180835723876953, "SMT": 0.985461950302124}, "9": {"H2": 0.0006248950958251953, "SMT": 1.053483009338379}, "10": {"H2": 0.0005879402160644531, "SMT": 1.1460349559783936}}, "7": {"1": {"H2": 0.0006709098815917969, "SMT": 3.081752061843872}, "2": {"H2": 0.0009582042694091797, "SMT": 0.7904629707336426}, "3": {"H2": 0.0006680488586425781, "SMT": 2.535865068435669}, "4": {"H2": 0.0006520748138427734, "SMT": 2.359602212905884}, "5": {"H2": 0.0006477832794189453, "SMT": 18.41109609603882}, "6": {"H2": 0.0006511211395263672, "SMT": 1.3370561599731445}, "7": {"H2": 0.0007050037384033203, "SMT": 0.9696719646453857}, "8": {"H2": 0.0007090568542480469, "SMT": 9.334917068481445}, "9": {"H2": 0.0007271766662597656, "SMT": 0.71828293800354}, "10": {"H2": 0.0006389617919921875, "SMT": 1.1381587982177734}}, "8": {"1": {"H2": 0.0009491443634033203, "SMT": 3.5089199542999268}, "2": {"H2": 0.0008609294891357422, "SMT": 12.111408948898315}, "3": {"H2": 0.0008721351623535156, "SMT": 1.9121050834655762}, "4": {"H2": 0.0006639957427978516, "SMT": 1.7546839714050293}, "5": {"H2": 0.0007560253143310547, "SMT": 39.10647106170654}, "6": {"H2": 0.0007128715515136719, "SMT": 5.6086790561676025}, "7": {"H2": 0.000865936279296875, "SMT": 11.189888954162598}, "8": {"H2": 0.0008878707885742188, "SMT": 1.6243431568145752}, "9": {"H2": 0.0008559226989746094, "SMT": 1.4226551055908203}, "10": {"H2": 0.0008211135864257812, "SMT": 36.839715003967285}}, "9": {"1": {"H2": 0.00115203857421875, "SMT": 206.44246006011963}, "2": {"H2": 0.0009810924530029297, "SMT": 41.58263301849365}, "3": {"H2": 0.0010669231414794922, "SMT": 27.374608993530273}, "4": {"H2": 0.0009009838104248047, "SMT": 25.644956827163696}, "5": {"H2": 0.0010098381042, "SMT": 999.51238453221}, "6": {"H2": 0.0010941028594970703, "SMT": 60.11513113975525}, "7": {"H2": 0.0008537769317626953, "SMT": 26.76265287399292}, "8": {"H2": 0.0005881786346435547, "SMT": 5.3404810428619385}, "9": {"H2": 0.003695964813232422, "SMT": 0.9086780548095703}, "10": {"H2": 0.0009250640869140625, "SMT": 1027.444130897522}}, "10": {"1": {"H2": 0.001271963119506836, "SMT": 80.04562306404114}, "2": {"H2": 0.0011529922485351562, "SMT": 30.274561882019043}, "3": {"H2": 0.0012829303741455078, "SMT": 1764.5934000015259}, "4": {"H2": 0.0011529922485351562, "SMT": 1030.1335570812225}, "5": {"H2": 0.0010828971862792969, "SMT": 1024.3459949493408}, "6": {"H2": 0.0014510154724121094, "SMT": 4.116095066070557}, "7": {"H2": 0.0010318756103515625, "SMT": 166.9229519367218}, "8": {"H2": 0.0011630058288574219, "SMT": 2.339818000793457}, "9": {"H2": 0.0010030269622802734, "SMT": 1023.3772068023682}, "10": {"H2": 0.001168966293334961, "SMT": 2118.7408418655396}}}